小,说
小,说
小,说
心,理,学
童,书
小,说
童,书
小,说
小,说
小,说
童,书
童,书
童,书
文,学
童,书
童,书
文,学
童,书
小,说
小,说
小,说
文,学
小,说
小,说
小,说
小,说
小,说
心,理,学
童,书
小,说
童,书
小,说
小,说
小,说
童,书
童,书
童,书
文,学
童,书
童,书
文,学
童,书
小,说
小,说
小,说
文,学
小,说
小,说
小,说
小,说
小,说
心,理,学
童,书
小,说
童,书
小,说
小,说
小,说
童,书
童,书
童,书
文,学
童,书
童,书
文,学
童,书
小,说
小,说
小,说
文,学
小,说
小,说
小,说
小,说
小,说
心,理,学
童,书
小,说
童,书
小,说
小,说
小,说
小,说
小,说
心,理,学
童,书
小,说
童,书
小,说
小,说
小,说
童,书
童,书
童,书
文,学
童,书
童,书
文,学
童,书
小,说
小,说
小,说
文,学
小,说
小,说
小,说
小,说
小,说
心,理,学
童,书
小,说
童,书
小,说
小,说
小,说
童,书
童,书
童,书
文,学
童,书
童,书
文,学
童,书
小,说
小,说
小,说
文,学
小,说
小,说
小,说
小,说
小,说
心,理,学
童,书
小,说
童,书
小,说
小,说
小,说
童,书
童,书
童,书
文,学
童,书
童,书
文,学
童,书
小,说
小,说
小,说
文,学
小,说
小,说
小,说
小,说
小,说
心,理,学
童,书
小,说
童,书
小,说
小,说
小,说
童,书
童,书
童,书
文,学
童,书
童,书
文,学
童,书
小,说
小,说
小,说
文,学
小,说
小,说
小,说
小,说
小,说
心,理,学
童,书
小,说
童,书
小,说
小,说
小,说
童,书
童,书
童,书
文,学
童,书
童,书
文,学
童,书
小,说
小,说
小,说
文,学
小,说
小,说
小,说
小,说
小,说
心,理,学
童,书
小,说
童,书
小,说
小,说
小,说
童,书
童,书
童,书
文,学
童,书
童,书
文,学
童,书
小,说
小,说
小,说
文,学
小,说
小,说
小,说
小,说
小,说
心,理,学
童,书
小,说
童,书
小,说
小,说
小,说
童,书
童,书
童,书
文,学
童,书
童,书
文,学
童,书
小,说
小,说
小,说
文,学
小,说
小,说
小,说
小,说
小,说
心,理,学
童,书
小,说
童,书
小,说
小,说
小,说
童,书
童,书
童,书
文,学
童,书
童,书
文,学
童,书
小,说
小,说
小,说
文,学
小,说
小,说
小,说
小,说
小,说
心,理,学
童,书
小,说
童,书
小,说
小,说
小,说
童,书
童,书
童,书
文,学
童,书
童,书
文,学
童,书
小,说
小,说
小,说
文,学
小,说
小,说
小,说
文,学
小,说
小,说
空
成,功,/,励,志
小,说
管,理
童,书
小,说
童,书
小,说
童,书
童,书
小,说
空
童,书
文,学
童,书
童,书
童,书
文,学
童,书
童,书
童,书
童,书
亲,子,/,家,教
文,学
小,说
传,记
童,书
文,学
亲,子,/,家,教
历,史
童,书
小,说
童,书
童,书
成,功,/,励,志
小,说
文,学
空
童,书
小,说
成,功,/,励,志
青,春,文,学
小,说
育,儿,/,早,教
青,春,文,学
文,学
小,说
成,功,/,励,志
小,说
童,书
历,史
小,说
空
科,普,读,物
童,书
成,功,/,励,志
童,书
小,说
童,书
历,史
小,说
童,书
童,书
童,书
童,书
文,学
成,功,/,励,志
小,说
空
童,书
文,学
童,书
童,书
童,书
小,说
亲,子,/,家,教
童,书
童,书
童,书
历,史
文,学
童,书
文,学
成,功,/,励,志
童,书
童,书
成,功,/,励,志
成,功,/,励,志
小,说
小,说
小,说
文,学
小,说
童,书
童,书
小,说
历,史
成,功,/,励,志
童,书
空
童,书
空
童,书
童,书
心,理,学
童,书
投,资,理,财
童,书
历,史
小,说
成,功,/,励,志
小,说
童,书
童,书
科,普,读,物
文,学
童,书
童,书
中,小,学,教,辅
童,书
童,书
童,书
青,春,文,学
小,说
工,具,书
文,学
艺,术
成,功,/,励,志
成,功,/,励,志
童,书
童,书
成,功,/,励,志
亲,子,/,家,教
童,书
童,书
空
小,说
童,书
空
童,书
童,书
中,小,学,教,辅
小,说
空
心,理,学
小,说
小,说
空
文,学
文,学
小,说
小,说
童,书
童,书
小,说
童,书
小,说
管,理
童,书
童,书
空
小,说
小,说
童,书
童,书
心,理,学
童,书
小,说
文,学
童,书
小,说
小,说
文,学
小,说
小,说
童,书
小,说
中,小,学,教,辅
小,说
童,书
童,书
童,书
文,学
成,功,/,励,志
小,说
童,书
小,说
管,理
童,书
古,籍
管,理
文,学
童,书
童,书
成,功,/,励,志
小,说
童,书
历,史
育,儿,/,早,教
童,书
历,史
童,书
心,理,学
童,书
童,书
童,书
童,书
童,书
管,理
童,书
童,书
空
童,书
童,书
青,春,文,学
童,书
古,籍
动,漫,/,幽,默
童,书
小,说
哲,学,/,宗,教
古,籍
小,说
政,治,/,军,事
小,说
童,书
小,说
童,书
童,书
文,学
小,说
小,说
小,说
育,儿,/,早,教
成,功,/,励,志
小,说
育,儿,/,早,教
童,书
空
